"depth","Fraction","cc_variant","Plot","OC_Frac","OC_Frac_pc","cc_variant.fal","OC_Frac.fal","OC_Frac_pc.fal","OC_ratio.pc","OC_ratio.fal"
"0-10 cm","<1","Oat","14",15.3579601906833,75.5969597063776,"Fallow",13.9923762099287,69.9648186593361,109.759485881931,105.632141047041
"0-10 cm","<1","Oat","22",17.6943217296936,75.9121198395648,"Fallow",13.9923762099287,69.9648186593361,126.456875259958,105.947301180229
"0-10 cm","<1","Clover","13",14.4836964136781,72.5077288625984,"Fallow",13.9923762099287,69.9648186593361,103.51134215074,102.542910203262
"0-10 cm","<1","Mix12","28",12.3334981623789,67.215507169749,"Fallow",13.9923762099287,69.9648186593361,88.1444150538727,97.2506885104129
"0-10 cm","<1","Mix4","36",11.8830662983425,61.0755816567481,"Fallow",13.9923762099287,69.9648186593361,84.9252916020834,91.110762997412
"0-10 cm","<1","Phacelia","12",14.6186179066835,70.4937231288188,"Fallow",13.9923762099287,69.9648186593361,104.475592189341,100.528904469483
"0-10 cm","<1","Mustard","8",14.8772122226873,71.5397954033259,"Fallow",13.9923762099287,69.9648186593361,106.32370084597,101.57497674399
"0-10 cm","<1","Fallow","42",11.959795370681,70.5081292552625,"Fallow",13.9923762099287,69.9648186593361,85.4736550193281,100.543310595926
"0-10 cm","<1","Clover","23",15.3588237745915,74.1878321767132,"Fallow",13.9923762099287,69.9648186593361,109.765657699321,104.223013517377
"0-10 cm","<1","Fallow","9",14.8452476572959,66.9386839189484,"Fallow",13.9923762099287,69.9648186593361,106.095258121791,96.9738652596123
"0-10 cm","<1","Mix4","27",12.9035300008345,75.2912402664271,"Fallow",13.9923762099287,69.9648186593361,92.2182894973795,105.326421607091
"0-10 cm","<1","Mix12","37",13.0497267485585,67.9660163999059,"Fallow",13.9923762099287,69.9648186593361,93.2631209508124,98.0011977405698
"0-10 cm","<1","Mix12","11",16.851046705588,71.7277590626104,"Fallow",13.9923762099287,69.9648186593361,120.430200366045,101.762940403274
"0-10 cm","<1","Mustard","26",13.2674505219207,70.7391222345762,"Fallow",13.9923762099287,69.9648186593361,94.8191380996917,100.77430357524
"0-10 cm","<1","Mustard","41",13.1542895600236,73.0834032548268,"Fallow",13.9923762099287,69.9648186593361,94.0104051139619,103.118584595491
"0-10 cm","<1","Mix4","10",15.86351891982,70.6910058308691,"Fallow",13.9923762099287,69.9648186593361,113.372587199046,100.726187171533
"0-10 cm","<1","Clover","39",12.1388875917278,71.2204937581696,"Fallow",13.9923762099287,69.9648186593361,86.7535821622227,101.255675098833
"0-10 cm","<1","Fallow","25",15.1720856018092,72.4476428037975,"Fallow",13.9923762099287,69.9648186593361,108.431086858881,102.482824144461
"0-10 cm","<1","Phacelia","38",13.689247131731,75.4227970099105,"Fallow",13.9923762099287,69.9648186593361,97.8336125783796,105.457978350574
"0-10 cm","<1","Phacelia","24",15.7249790724929,73.3055773327469,"Fallow",13.9923762099287,69.9648186593361,112.382477690492,103.340758673411
"0-10 cm","<1","Oat","40",13.4794051608579,72.2886366245392,"Fallow",13.9923762099287,69.9648186593361,96.3339246931711,102.323817965203
"0-10 cm","16-8","Mustard","8",0.274145667643365,1.31827957283599,"Fallow",0.192121771217712,1.132640338561,142.69370197129,100.185639234275
"0-10 cm","16-8","Clover","23",0.236853951317106,1.14407727105861,"Fallow",0.192121771217712,1.132640338561,123.283243651082,100.011436932498
"0-10 cm","16-8","Fallow","9",0,0,"Fallow",0.192121771217712,1.132640338561,0,98.867359661439
"0-10 cm","16-8","Phacelia","24",0.372924828394442,1.73847416401275,"Fallow",0.192121771217712,1.132640338561,194.108572927867,100.605833825452
"0-10 cm","16-8","Mix4","10",0.522587097849642,2.32875238892111,"Fallow",0.192121771217712,1.132640338561,272.008265662639,101.19611205036
"0-10 cm","16-8","Mix12","11",0.613981651376147,2.61345949175774,"Fallow",0.192121771217712,1.132640338561,319.579424801567,101.480819153197
"0-10 cm","16-8","Mustard","26",0.255179958246347,1.36056329951093,"Fallow",0.192121771217712,1.132640338561,132.821989214943,100.22792296095
"0-10 cm","16-8","Phacelia","12",0.0593215636822194,0.286059729618564,"Fallow",0.192121771217712,1.132640338561,30.8770647419216,99.1534193910576
"0-10 cm","16-8","Mix4","27",0.248932654594008,1.45250550089664,"Fallow",0.192121771217712,1.132640338561,129.570247565497,100.319865162336
"0-10 cm","16-8","Clover","13",0.419824854045037,2.10171118045047,"Fallow",0.192121771217712,1.132640338561,218.520187162595,100.969070841889
"0-10 cm","16-8","Oat","14",0.210761060466672,1.03743564887204,"Fallow",0.192121771217712,1.132640338561,109.701810019146,99.904795310311
"0-10 cm","16-8","Mix4","36",1.28164573915955,6.58729464532069,"Fallow",0.192121771217712,1.132640338561,667.100730456618,105.45465430676
"0-10 cm","16-8","Oat","22",0.583127139160197,2.50173009996455,"Fallow",0.192121771217712,1.132640338561,303.519551930113,101.369089761404
"0-10 cm","16-8","Mix12","37",0.284646945767527,1.48250759245636,"Fallow",0.192121771217712,1.132640338561,148.159651018918,100.349867253895
"0-10 cm","16-8","Fallow","25",0,0,"Fallow",0.192121771217712,1.132640338561,0,98.867359661439
"0-10 cm","16-8","Phacelia","38",0.183879072104514,1.01310713410693,"Fallow",0.192121771217712,1.132640338561,95.7096485937258,99.8804667955459
"0-10 cm","16-8","Mustard","41",0.233468494994532,1.29711848664462,"Fallow",0.192121771217712,1.132640338561,121.521102743721,100.164478148084
"0-10 cm","16-8","Clover","39",0.597267344896598,3.50424821778187,"Fallow",0.192121771217712,1.132640338561,310.879574506825,102.371607879221
"0-10 cm","16-8","Fallow","42",0.192121771217712,1.132640338561,"Fallow",0.192121771217712,1.132640338561,100,100
"0-10 cm","16-8","Oat","40",0.197285522788204,1.05802157424067,"Fallow",0.192121771217712,1.132640338561,102.687749304914,99.9253812356797
"0-10 cm","16-8","Mix12","28",0.32581440026729,1.77563412008888,"Fallow",0.192121771217712,1.132640338561,169.587443527198,100.642993781528
"0-10 cm","2-1","Mix4","36",2.29110246107484,11.7756151427743,"Fallow",2.30397481568515,11.4193844310946,99.4412979463719,100.35623071168
"0-10 cm","2-1","Oat","14",1.88619887931755,9.28449474458756,"Fallow",2.30397481568515,11.4193844310946,81.8671656685032,97.865110313493
"0-10 cm","2-1","Mix12","28",2.08961159371868,11.3880345389777,"Fallow",2.30397481568515,11.4193844310946,90.695939013434,99.9686501078831
"0-10 cm","2-1","Fallow","9",3.0345515394913,13.6830917898454,"Fallow",2.30397481568515,11.4193844310946,131.70940579873,102.263707358751
"0-10 cm","2-1","Mustard","8",2.14174382586856,10.2989668235906,"Fallow",2.30397481568515,11.4193844310946,92.9586474334641,98.879582392496
"0-10 cm","2-1","Clover","13",2.31969974979149,11.612792459643,"Fallow",2.30397481568515,11.4193844310946,100.68251328093,100.193408028548
"0-10 cm","2-1","Clover","23",1.9479693231077,9.40928962718978,"Fallow",2.30397481568515,11.4193844310946,84.5482038191646,97.9899051960952
"0-10 cm","2-1","Mustard","26",2.14777118997912,11.4514426482172,"Fallow",2.30397481568515,11.4193844310946,93.2202546380883,100.032058217123
"0-10 cm","2-1","Oat","22",2.16936973036147,9.30702275358567,"Fallow",2.30397481568515,11.4193844310946,94.1577015335713,97.8876383224911
"0-10 cm","2-1","Mix12","37",2.23956881423916,11.6641960165266,"Fallow",2.30397481568515,11.4193844310946,97.2045700757005,100.244811585432
"0-10 cm","2-1","Mix12","11",2.99085237698082,12.730790106752,"Fallow",2.30397481568515,11.4193844310946,129.812720027125,101.311405675657
"0-10 cm","2-1","Fallow","25",2.03836334701399,9.73331047191119,"Fallow",2.30397481568515,11.4193844310946,88.4715984366274,98.3139260408166
"0-10 cm","2-1","Phacelia","12",2.31044388398487,11.1413946586454,"Fallow",2.30397481568515,11.4193844310946,100.280778602947,99.7220102275508
"0-10 cm","2-1","Mix4","27",2.12834098305933,12.41872823282,"Fallow",2.30397481568515,11.4193844310946,92.3769204667462,100.999343801725
"0-10 cm","2-1","Fallow","42",1.83900956055015,10.8417510315271,"Fallow",2.30397481568515,11.4193844310946,79.8189957646422,99.4223666004325
"0-10 cm","2-1","Clover","39",1.5368245496998,9.01675729528006,"Fallow",2.30397481568515,11.4193844310946,66.7031835260224,97.5973728641855
"0-10 cm","2-1","Phacelia","38",1.64160874298635,9.04467001000788,"Fallow",2.30397481568515,11.4193844310946,71.2511582943746,97.6252855789133
"0-10 cm","2-1","Phacelia","24",2.09769797421731,9.77889766090201,"Fallow",2.30397481568515,11.4193844310946,91.0469142256447,98.3595132298074
"0-10 cm","2-1","Mix4","10",1.93435739289882,8.61988253876946,"Fallow",2.30397481568515,11.4193844310946,83.9574017793067,97.2004981076749
"0-10 cm","2-1","Oat","40",2.00431300268097,10.7489204904515,"Fallow",2.30397481568515,11.4193844310946,86.9937027538617,99.3295360593569
"0-10 cm","2-1","Mustard","41",1.68672078741482,9.37118610035492,"Fallow",2.30397481568515,11.4193844310946,73.2091677362033,97.9518016692604
"0-10 cm","4-2","Mix4","36",1.89866063954462,9.75857577645051,"Fallow",2.03935913398777,10.1248819761701,93.1008476095123,99.6336938002804
"0-10 cm","4-2","Oat","14",1.77995316550974,8.76151820043836,"Fallow",2.03935913398777,10.1248819761701,87.2800251728697,98.6366362242683
"0-10 cm","4-2","Fallow","9",2.60939759036145,11.7660307562621,"Fallow",2.03935913398777,10.1248819761701,127.951842658484,101.641148780092
"0-10 cm","4-2","Oat","22",1.69749060856499,7.2825685252278,"Fallow",2.03935913398777,10.1248819761701,83.2364726876582,97.1576865490577
"0-10 cm","4-2","Clover","23",1.73337779259753,8.37274668056326,"Fallow",2.03935913398777,10.1248819761701,84.9962011942487,98.2478647043932
"0-10 cm","4-2","Mustard","26",1.77443173277662,9.46087894086413,"Fallow",2.03935913398777,10.1248819761701,87.009281651481,99.335996964694
"0-10 cm","4-2","Phacelia","12",2.09372677595628,10.0963440315502,"Fallow",2.03935913398777,10.1248819761701,102.665917986804,99.9714620553801
"0-10 cm","4-2","Mustard","8",1.97601674340728,9.50203784290498,"Fallow",2.03935913398777,10.1248819761701,96.894005105583,99.3771558667349
"0-10 cm","4-2","Clover","13",1.75592160133445,8.79042778425688,"Fallow",2.03935913398777,10.1248819761701,86.1016371305292,98.6655458080868
"0-10 cm","4-2","Mix12","28",1.88228950885399,10.2581637676683,"Fallow",2.03935913398777,10.1248819761701,92.298089016492,100.133281791498
"0-10 cm","4-2","Phacelia","38",1.51563269407922,8.3505875762991,"Fallow",2.03935913398777,10.1248819761701,74.3190676335437,98.225705600129
"0-10 cm","4-2","Phacelia","24",2.00618533400301,9.35229061149183,"Fallow",2.03935913398777,10.1248819761701,98.3733223132755,99.2274086353217
"0-10 cm","4-2","Mix12","37",2.12260716971672,11.0550325295861,"Fallow",2.03935913398777,10.1248819761701,104.082068446972,100.930150553416
"0-10 cm","4-2","Mix12","11",1.55562135112594,6.62162033111048,"Fallow",2.03935913398777,10.1248819761701,76.2799119193918,96.4967383549404
"0-10 cm","4-2","Oat","40",1.72445459115282,9.24806917128308,"Fallow",2.03935913398777,10.1248819761701,84.5586519026111,99.123187195113
"0-10 cm","4-2","Mustard","41",1.84695465634727,10.2614231903046,"Fallow",2.03935913398777,10.1248819761701,90.5654440930044,100.136541214134
"0-10 cm","4-2","Mix4","10",2.50512585430905,11.163340698183,"Fallow",2.03935913398777,10.1248819761701,122.83887680982,101.038458722013
"0-10 cm","4-2","Fallow","42",1.65521804763502,9.75822114267898,"Fallow",2.03935913398777,10.1248819761701,81.1636371470484,99.6333391665089
"0-10 cm","4-2","Fallow","25",1.85346176396683,8.85039402956923,"Fallow",2.03935913398777,10.1248819761701,90.8845201944675,98.7255120533991
"0-10 cm","4-2","Mix4","27",1.85735208211633,10.8375259998563,"Fallow",2.03935913398777,10.1248819761701,91.075281992361,100.712644023686
"0-10 cm","4-2","Clover","39",1.57950300200133,9.26715754182499,"Fallow",2.03935913398777,10.1248819761701,77.4509489612439,99.1422755656549
"0-10 cm","8-4","Fallow","9",1.68818524096386,7.61219353494421,"Fallow",1.62752033429482,8.11336815387892,103.72744385374,99.4988253810653
"0-10 cm","8-4","Phacelia","12",1.65536443883985,7.98247845136701,"Fallow",1.62752033429482,8.11336815387892,101.710829902294,99.8691102974881
"0-10 cm","8-4","Mustard","8",1.52659690246965,7.3409203573425,"Fallow",1.62752033429482,8.11336815387892,93.7989449533424,99.2275522034636
"0-10 cm","8-4","Oat","14",1.08070586267458,5.3195916997244,"Fallow",1.62752033429482,8.11336815387892,66.4019883439942,97.2062235458455
"0-10 cm","8-4","Mix4","36",2.10185417713042,10.8029327787064,"Fallow",1.62752033429482,8.11336815387892,129.144572441924,102.689564624827
"0-10 cm","8-4","Oat","22",1.16464562985224,4.99655878165721,"Fallow",1.62752033429482,8.11336815387892,71.5595132860116,96.8831906277783
"0-10 cm","8-4","Mix12","37",1.50382050639258,7.83224746152503,"Fallow",1.62752033429482,8.11336815387892,92.3994910972443,99.7188793076461
"0-10 cm","8-4","Clover","23",1.42559353117706,6.88605424447513,"Fallow",1.62752033429482,8.11336815387892,87.5929781728196,98.7726860905962
"0-10 cm","8-4","Phacelia","38",1.1196449208609,6.16883826967558,"Fallow",1.62752033429482,8.11336815387892,68.7945273105314,98.0554701157967
"0-10 cm","8-4","Phacelia","24",1.24948518332496,5.82476023084647,"Fallow",1.62752033429482,8.11336815387892,76.7723239455773,97.7113920769675
"0-10 cm","8-4","Mix4","10",1.61505750958493,7.1970185432573,"Fallow",1.62752033429482,8.11336815387892,99.2342446083608,99.0836503893784
"0-10 cm","8-4","Mix12","11",1.48155963302752,6.30637100776937,"Fallow",1.62752033429482,8.11336815387892,91.0317125880618,98.1930028538904
"0-10 cm","8-4","Mustard","26",1.31063048016701,6.98799287683148,"Fallow",1.62752033429482,8.11336815387892,80.5292844918518,98.8746247229526
"0-10 cm","8-4","Mustard","41",1.07757718516026,5.98686896786902,"Fallow",1.62752033429482,8.11336815387892,66.2097524960977,97.8735008139901
"0-10 cm","8-4","Mix4","27",0,0,"Fallow",1.62752033429482,8.11336815387892,0,91.8866318461211
"0-10 cm","8-4","Clover","13",0.996240200166806,4.98733971305131,"Fallow",1.62752033429482,8.11336815387892,61.2121507285784,96.8739715591724
"0-10 cm","8-4","Mix12","28",1.71797193451387,9.36266040351617,"Fallow",1.62752033429482,8.11336815387892,105.557632572268,101.249292249637
"0-10 cm","8-4","Oat","40",1.24118632707775,6.65635213948559,"Fallow",1.62752033429482,8.11336815387892,76.2624159541171,98.5429839856067
"0-10 cm","8-4","Clover","39",1.19161107404937,6.99134318694345,"Fallow",1.62752033429482,8.11336815387892,73.2163555158086,98.8779750330645
"0-10 cm","8-4","Fallow","25",1.87822765725773,8.96865269472214,"Fallow",1.62752033429482,8.11336815387892,115.404251343596,100.855284540843
"0-10 cm","8-4","Fallow","42",1.31614810466286,7.75925823197041,"Fallow",1.62752033429482,8.11336815387892,80.8683048026635,99.6458900780915
"20-30 cm","<1","Phacelia","12",13.9239396226415,69.7842778221779,"Fallow",12.9429264541086,68.0896097021151,107.579531352598,101.694668120063
"20-30 cm","<1","Mix12","11",14.6953880934439,69.2007697814416,"Fallow",12.9429264541086,68.0896097021151,113.539918082274,101.111160079326
"20-30 cm","<1","Mustard","26",13.0224188298139,67.2351994766723,"Fallow",12.9429264541086,68.0896097021151,100.614176214221,99.1455897745572
"20-30 cm","<1","Mustard","41",10.2706807294731,63.4119320821881,"Fallow",12.9429264541086,68.0896097021151,79.3536204187636,95.322322380073
"20-30 cm","<1","Fallow","42",11.9889038785835,69.6537261170366,"Fallow",12.9429264541086,68.0896097021151,92.6290041212257,101.564116414921
"20-30 cm","<1","Mix12","28",13.0957561342013,65.4851914646627,"Fallow",12.9429264541086,68.0896097021151,101.180796944451,97.3955817625476
"20-30 cm","<1","Oat","14",12.4266193063101,72.501505648027,"Fallow",12.9429264541086,68.0896097021151,96.0108932888618,104.411895945912
"20-30 cm","<1","Clover","13",13.7566443906106,70.7462243121404,"Fallow",12.9429264541086,68.0896097021151,106.286970256589,102.656614610025
"20-30 cm","<1","Mix4","10",13.1825749149166,63.2641837962993,"Fallow",12.9429264541086,68.0896097021151,101.851578633763,95.1745740941842
"20-30 cm","<1","Fallow","25",12.0766730769231,66.1639540441424,"Fallow",12.9429264541086,68.0896097021151,93.3071289537418,98.0743443420273
"20-30 cm","<1","Oat","40",8.43396345041496,63.5516416090104,"Fallow",12.9429264541086,68.0896097021151,65.1627240587283,95.4620319068953
"20-30 cm","<1","Mix4","27",12.0095110739657,71.9516508108329,"Fallow",12.9429264541086,68.0896097021151,92.7882200099605,103.862041108718
"20-30 cm","<1","Mix4","36",13.0111536532352,68.794765496229,"Fallow",12.9429264541086,68.0896097021151,100.527138892185,100.705155794114
"20-30 cm","<1","Oat","22",14.3250238593554,67.6951588812001,"Fallow",12.9429264541086,68.0896097021151,110.678399588742,99.605549179085
"20-30 cm","<1","Mustard","8",13.1010930329579,70.64554291299,"Fallow",12.9429264541086,68.0896097021151,101.222031040739,102.555933210875
"20-30 cm","<1","Mix12","37",10.2122566630462,61.666337390726,"Fallow",12.9429264541086,68.0896097021151,78.9022227643455,93.5767276886109
"20-30 cm","<1","Fallow","9",14.7632024068193,68.4511489451664,"Fallow",12.9429264541086,68.0896097021151,114.063866925032,100.361539243051
"20-30 cm","<1","Phacelia","24",12.7965855285095,69.9118659061434,"Fallow",12.9429264541086,68.0896097021151,98.8693366518151,101.822256204028
"20-30 cm","<1","Clover","39",8.48328246184638,67.4046455202728,"Fallow",12.9429264541086,68.0896097021151,65.5437739828416,99.3150358181577
"20-30 cm","<1","Clover","23",13.8450050083472,70.1642924026159,"Fallow",12.9429264541086,68.0896097021151,106.969664530174,102.074682700501
"20-30 cm","<1","Phacelia","38",10.4871590052751,62.3545735331896,"Fallow",12.9429264541086,68.0896097021151,81.02618092175,94.2649638310745
"20-30 cm","16-8","Phacelia","12",0.173626834381551,0.870186425411175,"Fallow",0.373741264362998,1.97372047534731,46.4564261261007,98.8964659500639
"20-30 cm","16-8","Mix4","27",0.184731299623903,1.10676628569703,"Fallow",0.373741264362998,1.97372047534731,49.4275899501645,99.1330458103497
"20-30 cm","16-8","Mix12","11",0.259741271037428,1.2231249549523,"Fallow",0.373741264362998,1.97372047534731,69.497616614566,99.249404479605
"20-30 cm","16-8","Mustard","26",0.633275185710709,3.26962171861698,"Fallow",0.373741264362998,1.97372047534731,169.442137139997,101.29590124327
"20-30 cm","16-8","Mustard","41",0.0976073619631902,0.602634973334325,"Fallow",0.373741264362998,1.97372047534731,26.1162925452054,98.628914497987
"20-30 cm","16-8","Clover","13",0.275579316681981,1.41722033369392,"Fallow",0.373741264362998,1.97372047534731,73.7353198479907,99.4434998583466
"20-30 cm","16-8","Fallow","42",0.200284991568297,1.16362563995295,"Fallow",0.373741264362998,1.97372047534731,53.5892101477372,99.1899051646056
"20-30 cm","16-8","Mix12","28",0.787781672508763,3.93929400699968,"Fallow",0.373741264362998,1.97372047534731,210.782631629251,101.965573531652
"20-30 cm","16-8","Oat","14",0,0,"Fallow",0.373741264362998,1.97372047534731,0,98.0262795246527
"20-30 cm","16-8","Clover","23",0.25217612687813,1.27798866757857,"Fallow",0.373741264362998,1.97372047534731,67.4734504652402,99.3042681922313
"20-30 cm","16-8","Mix4","10",0.49825931767245,2.39118451857082,"Fallow",0.373741264362998,1.97372047534731,133.316645814232,100.417464043224
"20-30 cm","16-8","Fallow","25",0.57894983277592,3.17186777232935,"Fallow",0.373741264362998,1.97372047534731,154.906585913835,101.198147296982
"20-30 cm","16-8","Oat","40",0.29999161706765,2.26049826344135,"Fallow",0.373741264362998,1.97372047534731,80.2671916837852,100.286777788094
"20-30 cm","16-8","Mix12","37",0.438599715932826,2.6484683018261,"Fallow",0.373741264362998,1.97372047534731,117.353837468381,100.674747826479
"20-30 cm","16-8","Mix4","36",0.336796522320682,1.78076736241106,"Fallow",0.373741264362998,1.97372047534731,90.1148881418581,99.8070468870637
"20-30 cm","16-8","Oat","22",0.624731686898284,2.95226808820146,"Fallow",0.373741264362998,1.97372047534731,167.156197740989,100.978547612854
"20-30 cm","16-8","Mustard","8",0.350810179390905,1.89168762637804,"Fallow",0.373741264362998,1.97372047534731,93.8644492437364,99.9179671510307
"20-30 cm","16-8","Fallow","9",0.341988968744777,1.58566801375963,"Fallow",0.373741264362998,1.97372047534731,91.504203938428,99.6119475384123
"20-30 cm","16-8","Phacelia","24",0.314027175725242,1.71563154493644,"Fallow",0.373741264362998,1.97372047534731,84.0226128791178,99.7419110695891
"20-30 cm","16-8","Clover","39",0.221366024518389,1.7588826589238,"Fallow",0.373741264362998,1.97372047534731,59.2297521376677,99.7851621835765
"20-30 cm","16-8","Phacelia","38",0.235463451394122,1.40001911737471,"Fallow",0.373741264362998,1.97372047534731,63.0017270893125,99.4262986420274
"20-30 cm","2-1","Mustard","26",2.03322927969285,10.4976331961451,"Fallow",2.06832931931044,10.8559438652143,98.3029762577029,99.6416893309308
"20-30 cm","2-1","Phacelia","12",2.56233123689727,12.8419427083211,"Fallow",2.06832931931044,10.8559438652143,123.884103608391,101.985998843107
"20-30 cm","2-1","Mix12","11",2.36285774093611,11.1267272097268,"Fallow",2.06832931931044,10.8559438652143,114.239919091988,100.270783344512
"20-30 cm","2-1","Mix12","28",1.93168920046737,9.65939162630426,"Fallow",2.06832931931044,10.8559438652143,93.3936961794544,98.80344776109
"20-30 cm","2-1","Oat","40",1.50017352669964,11.3041147119804,"Fallow",2.06832931931044,10.8559438652143,72.5306899966869,100.448170846766
"20-30 cm","2-1","Mix4","27",1.81365482657752,10.8660092796097,"Fallow",2.06832931931044,10.8559438652143,87.6869466406913,100.010065414395
"20-30 cm","2-1","Clover","13",2.17739704285356,11.1976885668026,"Fallow",2.06832931931044,10.8559438652143,105.273228132717,100.341744701588
"20-30 cm","2-1","Fallow","25",2.0561856187291,11.2651365088108,"Fallow",2.06832931931044,10.8559438652143,99.4128739331806,100.409192643596
"20-30 cm","2-1","Mustard","8",2.13656070087609,11.5210608992884,"Fallow",2.06832931931044,10.8559438652143,103.298864495544,100.665117034074
"20-30 cm","2-1","Mustard","41",1.88003361627027,11.6074646975496,"Fallow",2.06832931931044,10.8559438652143,90.8962416534836,100.751520832335
"20-30 cm","2-1","Mix4","36",2.11635512456111,11.189949667893,"Fallow",2.06832931931044,10.8559438652143,102.321961246804,100.334005802679
"20-30 cm","2-1","Fallow","42",1.7612150084317,10.2323939763716,"Fallow",2.06832931931044,10.8559438652143,85.1515758147678,99.3764501111573
"20-30 cm","2-1","Clover","39",1.29984321574514,10.3280153152137,"Fallow",2.06832931931044,10.8559438652143,62.8450800174556,99.4720714499994
"20-30 cm","2-1","Oat","14",1.91717342248224,11.1855007618815,"Fallow",2.06832931931044,10.8559438652143,92.6918844394376,100.329556896667
"20-30 cm","2-1","Clover","23",2.12573622704508,10.7728944926564,"Fallow",2.06832931931044,10.8559438652143,102.775520667752,99.9169506274421
"20-30 cm","2-1","Mix4","10",2.59741014360422,12.4651696485648,"Fallow",2.06832931931044,10.8559438652143,125.580105612494,101.60922578335
"20-30 cm","2-1","Oat","22",2.20418250313939,10.4162119531644,"Fallow",2.06832931931044,10.8559438652143,106.568256928942,99.5602680879501
"20-30 cm","2-1","Mix12","37",2.02816024730554,12.2469712835728,"Fallow",2.06832931931044,10.8559438652143,98.0578976650444,101.391027418359
"20-30 cm","2-1","Fallow","9",2.38758733077052,11.0703011104605,"Fallow",2.06832931931044,10.8559438652143,115.435550252052,100.214357245246
"20-30 cm","2-1","Phacelia","24",2.06107869289763,11.2603363513526,"Fallow",2.06832931931044,10.8559438652143,99.6494452626515,100.404392486138
"20-30 cm","2-1","Phacelia","38",2.18254709871891,12.9769934343766,"Fallow",2.06832931931044,10.8559438652143,105.522224064713,102.121049569162
"20-30 cm","4-2","Phacelia","12",2.19905073375262,11.0212462498558,"Fallow",2.07244304880711,10.887222651846,106.109103216052,100.13402359801
"20-30 cm","4-2","Mustard","26",2.24196310825474,11.5753331829369,"Fallow",2.07244304880711,10.887222651846,108.179721008266,100.688110531091
"20-30 cm","4-2","Oat","40",1.63672311174449,12.3330437963485,"Fallow",2.07244304880711,10.887222651846,78.9755410980574,101.445821144503
"20-30 cm","4-2","Mustard","41",1.97568367089671,12.1980151125989,"Fallow",2.07244304880711,10.887222651846,95.3311441795184,101.310792460753
"20-30 cm","4-2","Clover","13",1.92838860579734,9.91711415901903,"Fallow",2.07244304880711,10.887222651846,93.0490517897375,99.029891507173
"20-30 cm","4-2","Mix12","11",2.08737503139915,9.82947562030193,"Fallow",2.07244304880711,10.887222651846,100.720501468093,98.9422529684559
"20-30 cm","4-2","Mix12","28",2.23092889334001,11.1557365781177,"Fallow",2.07244304880711,10.887222651846,107.647295525159,100.268513926272
"20-30 cm","4-2","Oat","14",1.43367237776849,8.36457635275118,"Fallow",2.07244304880711,10.887222651846,69.1778902485986,97.4773537009052
"20-30 cm","4-2","Mix4","27",1.33727204346009,8.01189411604885,"Fallow",2.07244304880711,10.887222651846,64.5263590828139,97.1246714642028
"20-30 cm","4-2","Fallow","42",1.8137934232715,10.5378666487701,"Fallow",2.07244304880711,10.887222651846,87.5195786111235,99.6506439969241
"20-30 cm","4-2","Fallow","25",2.02641053511706,11.1020090273248,"Fallow",2.07244304880711,10.887222651846,97.7788285320292,100.214786375479
"20-30 cm","4-2","Mustard","8",1.637887359199,8.83204488586192,"Fallow",2.07244304880711,10.887222651846,79.0317186347661,97.9448222340159
"20-30 cm","4-2","Clover","23",1.90717863105175,9.66527921459454,"Fallow",2.07244304880711,10.887222651846,92.0256231962329,98.7780565627485
"20-30 cm","4-2","Mix4","36",1.98467898344758,10.4937293717703,"Fallow",2.07244304880711,10.887222651846,95.7651880754917,99.6065067199243
"20-30 cm","4-2","Oat","22",2.18414901632482,10.321540552532,"Fallow",2.07244304880711,10.887222651846,105.390062109645,99.434317900686
"20-30 cm","4-2","Clover","39",1.39704778583938,11.1003625310019,"Fallow",2.07244304880711,10.887222651846,67.4106719913735,100.213139879156
"20-30 cm","4-2","Mix12","37",1.96966162586682,11.8937295030772,"Fallow",2.07244304880711,10.887222651846,95.0405670737516,101.006506851231
"20-30 cm","4-2","Fallow","9",2.37712518803276,11.0217922794431,"Fallow",2.07244304880711,10.887222651846,114.701592856847,100.134569627597
"20-30 cm","4-2","Mix4","10",2.42712376525276,11.6479523137448,"Fallow",2.07244304880711,10.887222651846,117.114135737038,100.760729661899
"20-30 cm","4-2","Phacelia","24",1.87533011003668,10.2455320515416,"Fallow",2.07244304880711,10.887222651846,90.4888610143529,99.3583093996956
"20-30 cm","4-2","Phacelia","38",2.1353428786737,12.6963264769666,"Fallow",2.07244304880711,10.887222651846,103.035057098568,101.809103825121
"20-30 cm","8-4","Phacelia","12",1.09388343815514,5.48234679423405,"Fallow",1.55332607843064,8.19350330547722,70.422009476614,97.2888434887568
"20-30 cm","8-4","Mustard","26",1.4375678157082,7.42221242562867,"Fallow",1.55332607843064,8.19350330547722,92.547716520707,99.2287091201514
"20-30 cm","8-4","Mustard","41",1.97275821497605,12.1799531343292,"Fallow",1.55332607843064,8.19350330547722,127.002194991098,103.986449828852
"20-30 cm","8-4","Clover","13",1.30704870102748,6.72175262834409,"Fallow",1.55332607843064,8.19350330547722,84.145159163749,98.5282493228669
"20-30 cm","8-4","Mix12","28",1.9518861625772,9.7603863239157,"Fallow",1.55332607843064,8.19350330547722,125.658494354852,101.566883018438
"20-30 cm","8-4","Oat","40",1.40018777768463,10.5507016192194,"Fallow",1.55332607843064,8.19350330547722,90.1412650651738,102.357198313742
"20-30 cm","8-4","Mix4","27",1.34591558712913,8.06367950781145,"Fallow",1.55332607843064,8.19350330547722,86.6473308997002,99.8701762023342
"20-30 cm","8-4","Mix4","36",1.46401521484702,7.74078810169676,"Fallow",1.55332607843064,8.19350330547722,94.2503467350623,99.5472847962195
"20-30 cm","8-4","Mix12","11",1.83051159675123,8.61990243357741,"Fallow",1.55332607843064,8.19350330547722,117.844644609369,100.4263991281
"20-30 cm","8-4","Mustard","8",1.31847476011681,7.10966367548167,"Fallow",1.55332607843064,8.19350330547722,84.8807458025103,98.9161603700044
"20-30 cm","8-4","Oat","14",1.36234350188048,7.9484172373403,"Fallow",1.55332607843064,8.19350330547722,87.7049269176559,99.7549139318631
"20-30 cm","8-4","Fallow","9",1.69759735918436,7.87108965117039,"Fallow",1.55332607843064,8.19350330547722,109.287894071764,99.6775863456932
"20-30 cm","8-4","Fallow","42",1.44795278246206,8.41238761786867,"Fallow",1.55332607843064,8.19350330547722,93.2162797347072,100.218884312391
"20-30 cm","8-4","Fallow","25",1.51442809364549,8.2970326473926,"Fallow",1.55332607843064,8.19350330547722,97.4958261935288,100.103529341915
"20-30 cm","8-4","Mix12","37",1.91182638482747,11.544493520798,"Fallow",1.55332607843064,8.19350330547722,123.07952666056,103.350990215321
"20-30 cm","8-4","Clover","23",1.60217028380634,8.1195452225546,"Fallow",1.55332607843064,8.19350330547722,103.144491427393,99.9260419170774
"20-30 cm","8-4","Mix4","10",2.13197476550178,10.2315097228204,"Fallow",1.55332607843064,8.19350330547722,137.252235387419,102.038006417343
"20-30 cm","8-4","Oat","22",1.82298869820008,8.61482052490208,"Fallow",1.55332607843064,8.19350330547722,117.360335573706,100.421317219425
"20-30 cm","8-4","Clover","39",1.18406554916187,9.40809397458778,"Fallow",1.55332607843064,8.19350330547722,76.2277518934183,101.214590669111
"20-30 cm","8-4","Phacelia","38",1.7780758603366,10.5720874380926,"Fallow",1.55332607843064,8.19350330547722,114.468937657509,102.378584132615
"20-30 cm","8-4","Phacelia","24",1.25686062020674,6.866634146026,"Fallow",1.55332607843064,8.19350330547722,80.9141517456899,98.6731308405488
"30-40 cm","<1","Oat","22",13.5310802907511,65.8077160815385,"Fallow",9.96247432518218,64.6989244838242,135.820478418183,101.108791597714
"30-40 cm","<1","Mix4","10",13.1461765693186,66.996177856665,"Fallow",9.96247432518218,64.6989244838242,131.956943026583,102.297253372841
"30-40 cm","<1","Mustard","8",11.4238904247298,65.8119116937766,"Fallow",9.96247432518218,64.6989244838242,114.66920818911,101.112987209952
"30-40 cm","<1","Mix12","11",10.0020769038285,57.203188001703,"Fallow",9.96247432518218,64.6989244838242,100.397517497698,92.5042635178788
"30-40 cm","<1","Fallow","9",9.74279551914396,59.9358754801059,"Fallow",9.96247432518218,64.6989244838242,97.7949372930082,95.2369509962817
"30-40 cm","<1","Phacelia","12",11.5167938611204,65.6356510588668,"Fallow",9.96247432518218,64.6989244838242,115.601741948879,100.936726575043
"30-40 cm","<1","Fallow","25",10.9359220691972,66.3584663798275,"Fallow",9.96247432518218,64.6989244838242,109.77114431858,101.659541896003
"30-40 cm","<1","Clover","13",11.4802631578947,67.4263460318974,"Fallow",9.96247432518218,64.6989244838242,115.235058913788,102.727421548073
"30-40 cm","<1","Mix12","28",8.72053422370618,62.2165373952822,"Fallow",9.96247432518218,64.6989244838242,87.5338187990432,97.517612911458
"30-40 cm","<1","Oat","14",10.2418801410106,68.2953891370592,"Fallow",9.96247432518218,64.6989244838242,102.804582543537,103.596464653235
"30-40 cm","<1","Mix4","36",8.07386058981233,59.3882803025074,"Fallow",9.96247432518218,64.6989244838242,81.042724189552,94.6893558186832
"30-40 cm","<1","Mix12","37",9.32810713688785,64.6636952993685,"Fallow",9.96247432518218,64.6989244838242,93.6324333936717,99.9647708155443
"30-40 cm","<1","Clover","23",8.95445011290458,58.2380022955056,"Fallow",9.96247432518218,64.6989244838242,89.8817886061737,93.5390778116814
"30-40 cm","<1","Phacelia","38",9.23448984707947,64.9021324489519,"Fallow",9.96247432518218,64.6989244838242,92.6927342109923,100.203207965128
"30-40 cm","<1","Phacelia","24",9.29760116812682,60.6228820339025,"Fallow",9.96247432518218,64.6989244838242,93.3262246370386,95.9239575500783
"30-40 cm","<1","Clover","39",8.36333834586466,70.3514425223681,"Fallow",9.96247432518218,64.6989244838242,83.9484055153308,105.652518038544
"30-40 cm","<1","Oat","40",10.9493752099429,69.8489932885906,"Fallow",9.96247432518218,64.6989244838242,109.906182465797,105.150068804766
"30-40 cm","<1","Mustard","26",8.28822693850267,59.5657659356371,"Fallow",9.96247432518218,64.6989244838242,83.1944622186126,94.8668414518129
"30-40 cm","<1","Mustard","41",9.56437337798242,65.2163543624051,"Fallow",9.96247432518218,64.6989244838242,96.0039952505224,100.517429878581
"30-40 cm","<1","Mix4","27",9.89279219154083,68.7443833730567,"Fallow",9.96247432518218,64.6989244838242,99.3005539450654,104.045458889233
"30-40 cm","<1","Fallow","42",9.20870538720539,67.8024315915391,"Fallow",9.96247432518218,64.6989244838242,92.4339183884119,103.103507107715
"30-40 cm","16-8","Mix4","10",0.346424974823766,1.76546763272987,"Fallow",0.47170380147523,3.02261751278359,73.4412090257359,98.7428501199463
"30-40 cm","16-8","Mustard","26",0.53456550802139,3.84181130226383,"Fallow",0.47170380147523,3.02261751278359,113.326521081569,100.81919378948
"30-40 cm","16-8","Phacelia","12",0.181439114391144,1.03404424392887,"Fallow",0.47170380147523,3.02261751278359,38.4646284010649,98.0114267311453
"30-40 cm","16-8","Fallow","25",0.184786698018139,1.12127370790383,"Fallow",0.47170380147523,3.02261751278359,39.1743075718762,98.0986561951202
"30-40 cm","16-8","Mix12","11",0.265245641838352,1.51697457064181,"Fallow",0.47170380147523,3.02261751278359,56.2313979681337,98.4943570578582
"30-40 cm","16-8","Oat","40",0.615740678535438,3.92797449150145,"Fallow",0.47170380147523,3.02261751278359,130.535449705883,100.905356978718
"30-40 cm","16-8","Fallow","9",0.918323022905868,5.64935333429195,"Fallow",0.47170380147523,3.02261751278359,194.682133159381,102.626735821508
"30-40 cm","16-8","Phacelia","24",0.602259491030455,3.92689527312701,"Fallow",0.47170380147523,3.02261751278359,127.677472419539,100.904277760343
"30-40 cm","16-8","Clover","39",0.394820384294069,3.32118376940443,"Fallow",0.47170380147523,3.02261751278359,83.7009121103726,100.298566256621
"30-40 cm","16-8","Clover","13",0.338947368421053,1.99071939688444,"Fallow",0.47170380147523,3.02261751278359,71.8559755848929,98.9681018841009
"30-40 cm","16-8","Clover","23",0.95530735134231,6.21313324870825,"Fallow",0.47170380147523,3.02261751278359,202.522716237315,103.190515735925
"30-40 cm","16-8","Mustard","41",0.114770196735036,0.782580679853586,"Fallow",0.47170380147523,3.02261751278359,24.3309882973378,97.75996316707
"30-40 cm","16-8","Mix4","27",0.142961541670143,0.993430655157105,"Fallow",0.47170380147523,3.02261751278359,30.3074813522888,97.9708131423735
"30-40 cm","16-8","Mustard","8",0.553180028482868,3.18681585972375,"Fallow",0.47170380147523,3.02261751278359,117.272751831303,100.16419834694
"30-40 cm","16-8","Fallow","42",0.312001683501684,2.29722549615498,"Fallow",0.47170380147523,3.02261751278359,66.1435592687433,99.2746079833714
"30-40 cm","16-8","Phacelia","38",0.506284783153673,3.55828666198823,"Fallow",0.47170380147523,3.02261751278359,107.331079709405,100.535669149205
"30-40 cm","16-8","Oat","14",0.554305858653685,3.69624852043717,"Fallow",0.47170380147523,3.02261751278359,117.511424949326,100.673631007654
"30-40 cm","16-8","Oat","22",0.238288077533629,1.15890186260052,"Fallow",0.47170380147523,3.02261751278359,50.5164632526587,98.1362843498169
"30-40 cm","16-8","Mix12","37",0.135324252047468,0.938085945261973,"Fallow",0.47170380147523,3.02261751278359,28.6883954770447,97.9154684324784
"30-40 cm","16-8","Mix12","28",0.543823038397329,3.87989835678712,"Fallow",0.47170380147523,3.02261751278359,115.289093854353,100.857280844004
"30-40 cm","16-8","Mix4","36",0.320599865951743,2.35821197211568,"Fallow",0.47170380147523,3.02261751278359,67.9663519668662,99.3355944593321
"30-40 cm","2-1","Mustard","8",2.11401273351763,12.1786199066306,"Fallow",1.7612084491993,11.4148513068198,120.031943662247,100.763768599811
"30-40 cm","2-1","Fallow","25",1.84227074235808,11.1787794706078,"Fallow",1.7612084491993,11.4148513068198,104.602651843717,99.763928163788
"30-40 cm","2-1","Mix12","11",1.82603136208191,10.443312554635,"Fallow",1.7612084491993,11.4148513068198,103.680592885645,99.0284612478152
"30-40 cm","2-1","Mix4","10",2.3713326619671,12.084899661948,"Fallow",1.7612084491993,11.4148513068198,134.642362353257,100.670048355128
"30-40 cm","2-1","Oat","22",2.09696382320996,10.1984761708482,"Fallow",1.7612084491993,11.4148513068198,119.063920239725,98.7836248640284
"30-40 cm","2-1","Mix12","37",1.82178004345646,12.6288246804851,"Fallow",1.7612084491993,11.4148513068198,103.43920643151,101.213973373665
"30-40 cm","2-1","Clover","23",1.82468846700677,11.8674189693658,"Fallow",1.7612084491993,11.4148513068198,103.604344382763,100.452567662546
"30-40 cm","2-1","Fallow","9",1.87643036281558,11.5434524261355,"Fallow",1.7612084491993,11.4148513068198,106.54220763412,100.128601119316
"30-40 cm","2-1","Phacelia","24",1.71822277847309,11.2032786655145,"Fallow",1.7612084491993,11.4148513068198,97.5593081701514,99.7884273586947
"30-40 cm","2-1","Clover","39",1.0910208855472,9.17754250110296,"Fallow",1.7612084491993,11.4148513068198,61.9472888653931,97.7626911942831
"30-40 cm","2-1","Oat","40",1.7178149143433,10.9584008331405,"Fallow",1.7612084491993,11.4148513068198,97.5361499727231,99.5435495263207
"30-40 cm","2-1","Mustard","26",1.6046875,11.5325558450636,"Fallow",1.7612084491993,11.4148513068198,91.1128663236621,100.117704538244
"30-40 cm","2-1","Phacelia","12",2.05447668567595,11.7087200201467,"Fallow",1.7612084491993,11.4148513068198,116.651534723785,100.293868713327
"30-40 cm","2-1","Mix4","27",1.63858513389505,11.3864238177562,"Fallow",1.7612084491993,11.4148513068198,93.0375467276461,99.9715725109364
"30-40 cm","2-1","Clover","13",2.00168922305764,11.7564021264958,"Fallow",1.7612084491993,11.4148513068198,113.654305029463,100.341550819676
"30-40 cm","2-1","Mix12","28",1.41998914858097,10.1308940137426,"Fallow",1.7612084491993,11.4148513068198,80.6258423996626,98.7160427069228
"30-40 cm","2-1","Oat","14",1.6287057243579,10.8606124757679,"Fallow",1.7612084491993,11.4148513068198,92.4766017956796,99.4457611689481
"30-40 cm","2-1","Mix4","36",1.55516923592493,11.4392396888157,"Fallow",1.7612084491993,11.4148513068198,88.3012590946834,100.024388381996
"30-40 cm","2-1","Fallow","42",1.56492424242424,11.5223220237162,"Fallow",1.7612084491993,11.4148513068198,88.8551405221627,100.107470716896
"30-40 cm","2-1","Phacelia","38",1.55100526447731,10.9008240597031,"Fallow",1.7612084491993,11.4148513068198,88.0648321430916,99.4859727528833
"30-40 cm","2-1","Mustard","41",1.60586772708246,10.9498902447336,"Fallow",1.7612084491993,11.4148513068198,91.1798786686799,99.5350389379138
"30-40 cm","4-2","Mix12","11",3.60101342897656,20.5946675030619,"Fallow",1.6721271264505,10.8518394476656,215.355242553872,109.742828055396
"30-40 cm","4-2","Clover","23",2.00534916785147,13.0424010372583,"Fallow",1.6721271264505,10.8518394476656,119.928032751213,102.190561589593
"30-40 cm","4-2","Fallow","25",1.83732112865301,11.1487455354204,"Fallow",1.6721271264505,10.8518394476656,109.879272908704,100.296906087755
"30-40 cm","4-2","Mustard","8",1.53571919242691,8.84712756519877,"Fallow",1.6721271264505,10.8518394476656,91.8422509948065,97.9952881175332
"30-40 cm","4-2","Oat","40",1.34955156197514,8.60915040242742,"Fallow",1.6721271264505,10.8518394476656,80.7086698509519,97.7573109547618
"30-40 cm","4-2","Fallow","9",1.65163685002508,10.1605643253976,"Fallow",1.6721271264505,10.8518394476656,98.7745981689256,99.308724877732
"30-40 cm","4-2","Mix4","10",2.04309499832158,10.4121190799365,"Fallow",1.6721271264505,10.8518394476656,122.185386864607,99.5602796322709
"30-40 cm","4-2","Clover","39",1.09777944862155,9.23439475817973,"Fallow",1.6721271264505,10.8518394476656,65.6516739221771,98.3825553105142
"30-40 cm","4-2","Clover","13",1.79532999164578,10.5444047399651,"Fallow",1.6721271264505,10.8518394476656,107.36803220559,99.6925652922995
"30-40 cm","4-2","Mustard","26",1.56910427807487,11.2768266180341,"Fallow",1.6721271264505,10.8518394476656,93.8388148397354,100.424987170369
"30-40 cm","4-2","Phacelia","12",2.01694062395169,11.4947973017959,"Fallow",1.6721271264505,10.8518394476656,120.621248949722,100.64295785413
"30-40 cm","4-2","Oat","22",2.40244548416743,11.6841705855171,"Fallow",1.6721271264505,10.8518394476656,143.676006815775,100.832331137852
"30-40 cm","4-2","Mix12","37",1.59358515794752,11.0469469930953,"Fallow",1.6721271264505,10.8518394476656,95.3028709802884,100.19510754543
"30-40 cm","4-2","Fallow","42",1.5274234006734,11.2462084821787,"Fallow",1.6721271264505,10.8518394476656,91.3461289223705,100.394369034513
"30-40 cm","4-2","Phacelia","38",1.50048884432189,10.5457829641941,"Fallow",1.6721271264505,10.8518394476656,89.7353329532455,99.6939435165285
"30-40 cm","4-2","Phacelia","24",1.95868836045056,12.7711794977645,"Fallow",1.6721271264505,10.8518394476656,117.137526774556,101.919340050099
"30-40 cm","4-2","Mix4","27",1.47243513806624,10.2318580703371,"Fallow",1.6721271264505,10.8518394476656,88.0576072700793,99.3800186226715
"30-40 cm","4-2","Mix12","28",1.44230383973289,10.2900978859944,"Fallow",1.6721271264505,10.8518394476656,86.2556331344577,99.4382584383288
"30-40 cm","4-2","Mustard","41",1.81068396818753,12.346465642954,"Fallow",1.6721271264505,10.8518394476656,108.286262422592,101.494626195288
"30-40 cm","4-2","Mix4","36",1.90181467828418,13.9890331200268,"Fallow",1.6721271264505,10.8518394476656,113.736249367669,103.137193672361
"30-40 cm","4-2","Oat","14",1.62021990935034,10.8040269631367,"Fallow",1.6721271264505,10.8518394476656,96.8957373946595,99.9521875154711
"30-40 cm","8-4","Fallow","9",2.06617956863401,12.710754434069,"Fallow",1.57152299994668,10.0117672489068,131.476253844463,102.698987185162
"30-40 cm","8-4","Mix4","10",1.71524924471299,8.74133576872066,"Fallow",1.57152299994668,10.0117672489068,109.145666004964,98.7295685198139
"30-40 cm","8-4","Oat","40",1.04329862277461,6.65548098434004,"Fallow",1.57152299994668,10.0117672489068,66.3877412427313,96.6437137354332
"30-40 cm","8-4","Mustard","26",1.91782921122995,13.7830402990013,"Fallow",1.57152299994668,10.0117672489068,122.036343807569,103.771273050094
"30-40 cm","8-4","Phacelia","12",1.77690204629319,10.1267873752617,"Fallow",1.57152299994668,10.0117672489068,113.068790361546,100.115020126355
"30-40 cm","8-4","Mix12","11",1.79080657269163,10.2418573699582,"Fallow",1.57152299994668,10.0117672489068,113.953570692404,100.230090121051
"30-40 cm","8-4","Mustard","8",1.73159085197286,9.97552497467028,"Fallow",1.57152299994668,10.0117672489068,110.18552398098,99.9637577257635
"30-40 cm","8-4","Clover","23",1.63581834908422,10.6390444491622,"Fallow",1.57152299994668,10.0117672489068,104.091276369466,100.627277200255
"30-40 cm","8-4","Phacelia","38",1.43606166959138,10.0929738651626,"Fallow",1.57152299994668,10.0117672489068,91.3802514910761,100.081206616256
"30-40 cm","8-4","Fallow","25",1.6797699025865,10.1927349062405,"Fallow",1.57152299994668,10.0117672489068,106.888025351426,100.180967657334
"30-40 cm","8-4","Clover","39",0.940982456140351,7.91543644894478,"Fallow",1.57152299994668,10.0117672489068,59.8771036868234,97.903669200038
"30-40 cm","8-4","Clover","13",1.41014619883041,8.28212770475726,"Fallow",1.57152299994668,10.0117672489068,89.7311842638164,98.2703604558505
"30-40 cm","8-4","Mix12","28",1.88977462437396,13.4825723481937,"Fallow",1.57152299994668,10.0117672489068,120.251159190039,103.470805099287
"30-40 cm","8-4","Phacelia","24",1.76001335002086,11.4757645296915,"Fallow",1.57152299994668,10.0117672489068,111.994119722115,101.463997280785
"30-40 cm","8-4","Mix4","27",1.24391757737549,8.64390408369286,"Fallow",1.57152299994668,10.0117672489068,79.1536348763394,98.6321368347861
"30-40 cm","8-4","Mix12","37",1.54677419354839,10.7224470817891,"Fallow",1.57152299994668,10.0117672489068,98.42517058935,100.710679832882
"30-40 cm","8-4","Fallow","42",0.968619528619529,7.13181240641092,"Fallow",1.57152299994668,10.0117672489068,61.6357208041113,97.1200451575041
"30-40 cm","8-4","Mustard","41",1.56991042277103,10.7047090700537,"Fallow",1.57152299994668,10.0117672489068,99.8973876185265,100.692941821147
"30-40 cm","8-4","Oat","22",2.29276297100844,11.1507352994956,"Fallow",1.57152299994668,10.0117672489068,145.894331237038,101.138968050589
"30-40 cm","8-4","Mix4","36",1.74359584450402,12.8252349165344,"Fallow",1.57152299994668,10.0117672489068,110.949432147234,102.813467667628
"30-40 cm","8-4","Oat","14",0.951332885680712,6.34372290359911,"Fallow",1.57152299994668,10.0117672489068,60.5357278075466,96.3319556546923
